Kind of Business,Year,January,February,March,April,May,June,July,August,September,October,November,December
"Retail and food services sales, total",2020,"480,301","478,467","478,267","407,227","504,607","532,678","549,416","545,307","530,987","553,114","543,273","611,429"
Retail sales and food services excl motor vehicle and parts,2020,"386,934","380,639","395,880","337,693","397,245","418,450","433,183","429,379","417,929","438,435","440,053","494,937"
Retail sales and food services excl gasoline stations,2020,"440,605","441,504","444,006","380,417","472,562","496,364","510,540","506,577","493,756","514,953","508,879","574,794"
Retail sales and food services excl motor vehicle and parts and gasoline stations,2020,"347,238","343,676","361,619","310,883","365,200","382,136","394,307","390,649","380,698","400,274","405,659","458,302"
"Retail sales, total",2020,"418,734","415,511","430,527","377,210","462,286","481,205","494,905","488,949","476,247","495,722","492,362","559,932"
"Retail sales, total (excl. motor vehicle and parts dealers)",2020,"325,367","317,683","348,140","307,676","354,924","366,977","378,672","373,021","363,189","381,043","389,142","443,440"
GAFO(1),2020,"94,549","97,552","95,501","68,637","91,042","102,574","106,664","109,556","104,834","111,528","117,962","144,871"
Motor vehicle and parts dealers,2020,"93,367","97,828","82,387","69,534","107,362","114,228","116,233","115,928","113,058","114,679","103,220","116,492"
Automobile and other motor vehicle dealers,2020,"85,832","90,586","74,904","62,554","98,852","104,941","107,082","106,956","104,451","105,948","95,304","108,612"
Automobile dealers,2020,"81,214","85,140","68,937","56,635","88,480","93,559","97,104","98,206","96,980","98,478","89,223","101,956"
New car dealers,2020,"72,074","74,360","59,487","50,131","77,773","81,593","84,691","86,015","85,909","87,522","79,269","92,388"
Used car dealers,2020,"9,140","10,780","9,450","6,504","10,707","11,966","12,413","12,191","11,071","10,956","9,954","9,568"
"Automotive parts, acc., and tire stores",2020,"7,535","7,242","7,483","6,980","8,510","9,287","9,151","8,972","8,607","8,731","7,916","7,880"
"Furniture, home furn, electronics, and appliance stores",2020,"16,569","16,139","13,975","7,017","11,301","15,601","17,180","17,856","17,530","17,979","19,483","21,613"
Furniture and home furnishings stores,2020,"9,490","9,452","8,159","3,977","7,349","9,993","10,625","11,017","11,071","11,114","11,187","12,129"
Furniture stores,2020,"5,148","5,287","4,499","2,004","4,259","5,730","5,957","5,847","6,112","6,053","5,894","6,153"
Home furnishings stores,2020,"4,342","4,165","3,660","1,973","3,090","4,263","4,668","5,170","4,959",(S),(S),(S)
Floor covering stores,2020,(S),(S),(S),(S),(S),(S),(S),(S),(S),(S),(S),(S)
All other home furnishings stores,2020,"2,422","2,211","1,525",403,"1,276","2,102","2,440","2,647","2,506",(S),(S),(S)
Electronics and appliance stores,2020,"7,079","6,687","5,816","3,040","3,952","5,608","6,555","6,839","6,459","6,865","8,296","9,484"
Household appliance stores,2020,"1,230","1,234","1,283","1,128","1,441","1,681","1,731","1,747","1,665","1,722","1,705","1,763"
Electronics stores,2020,"5,849","5,453","4,533","1,912","2,511","3,927","4,824","5,092","4,794","5,143","6,591","7,721"
Building mat. and garden equip. and supplies dealers,2020,"26,966","26,237","32,152","35,916","42,422","42,092","39,430","36,664","36,930","37,582","34,662","34,524"
Building mat. and supplies dealers,2020,"23,709","23,025","27,984","30,023","35,986","36,397","34,870","32,612","32,647","33,018","30,633","30,123"
Paint and wallpaper stores,2020,928,920,"1,085",947,"1,092","1,240","1,271","1,216","1,225","1,208","1,012",945
Hardware stores,2020,"2,059","1,954","2,372","2,839","3,495","3,350","3,028","2,891","2,760","2,763","2,553","2,795"
Food and beverage stores,2020,"64,567","61,962","80,990","71,064","76,438","71,799","75,085","72,353","69,741","71,957","71,879","77,260"
Grocery stores,2020,"58,722","55,870","73,901","64,383","68,436","63,973","66,892","64,500","62,100","64,017","63,920","67,027"
Supermarkets and other grocery (except convenience) stores,2020,"56,141","53,306","71,296","62,127","65,735","61,229","63,980","61,571","59,353","61,259","61,341","64,236"
"Beer, wine, and liquor stores",2020,"4,188","4,318","5,249","4,938","5,950","5,780","6,106","5,813","5,582","5,766","5,796","7,366"
Health and personal care stores,2020,"28,987","27,756","30,888","25,724","26,251","28,279","29,573","28,918","29,462","30,630","28,575","33,670"
Pharmacies and drug stores,2020,"24,440","23,183","26,974","23,910","23,648","24,655","25,460","24,757","25,237","26,435","24,294","27,862"
Gasoline stations,2020,"39,696","36,963","34,261","26,810","32,045","36,314","38,876","38,730","37,231","38,161","34,394","36,635"
Clothing and clothing access. stores,2020,"16,873","19,232","10,969","2,744","8,787","16,442","17,779","18,968","18,790","20,088","21,287","32,237"
Clothing stores,2020,"12,287","13,439","7,584","1,736","5,504","11,080","12,098","12,933","12,912","14,165","15,038","19,983"
Men's clothing stores,2020,599,615,302,86,155,303,405,379,401,(S),(S),604
Women's clothing stores,2020,"2,402","2,662","1,493",469,"1,099","2,027","2,373","2,386","2,494","2,634","2,726","3,399"
Family clothing stores,2020,"6,899","7,535","4,259",688,"3,089","6,955","7,077","7,768","7,561","8,520","8,976","12,137"
Other clothing stores,2020,"1,225","1,344",788,248,569,946,"1,156","1,158","1,150","1,171","1,331","1,685"
Shoe stores,2020,"2,148","2,701","1,686",462,"1,624","2,692","2,722","2,822","2,643","2,677","2,617","3,824"
Jewelry stores,2020,"2,141","2,751","1,505",511,"1,557","2,452","2,679","2,877","2,882","2,872","3,245","7,824"
"Sporting goods, hobby, musical instrument, and book stores",2020,"5,867","5,632","5,287","3,484","6,353","8,390","8,011","8,218","7,794","7,657","8,368","11,319"
Sporting goods stores,2020,"2,984","3,107","3,452","2,599","4,378","5,887","5,435","5,163","4,803","4,684","4,620","6,799"
"Hobby, toy, and game stores",2020,"1,174","1,200",862,360,"1,120","1,420","1,409","1,508","1,582","1,674","2,412","2,617"
Book stores,2020,990,593,406,169,275,388,437,770,620,455,496,900
General merchandise stores,2020,"53,203","54,596","63,624","54,576","63,381","60,501","61,674","62,304","58,567","63,203","66,964","77,086"
Department stores,2020,"8,479","9,067","8,158","5,941","8,768","9,047","9,384","9,879","9,182","9,733","11,235","14,624"
Department stores(excl. discount department stores),2020,"2,146","2,473","1,305",11,"1,049","1,524","1,591","1,739","1,786","1,913","2,357","3,492"
Discount dept. stores,2020,"6,333","6,594","6,853","5,930","7,719","7,523","7,793","8,140","7,396","7,820","8,878","11,132"
Other general merchandise stores,2020,"44,724",45529,55466,"48,635","54,613","51,454","52,290","52,425","49,385","53,470","55,729","62,462"
Warehouse clubs and superstores,2020,"38,811","39,451","47,739","41,322","46,287","43,615","44,706","45,080","42,093","45,714","47,744","53,210"
All other gen. merchandise stores,2020,"5,913","6,078","7,727","7,313","8,326","7,839","7,584","7,345","7,292","7,756","7,985","9,252"
Miscellaneous store retailers,2020,"10,394","10,302","9,580","7,319","9,812","11,544","11,992","11,842","11,604","12,400","11,988","13,939"
"Office supplies, stationery, and gift stores",2020,"2,037","1,953","1,646",816,"1,220","1,640","2,020","2,210","2,153","2,601","1,860","2,616"
Office supplies and stationery stores,2020,963,816,868,605,707,780,869,"1,105",968,800,724,912
"Gift, novelty, and souvenir stores",2020,"1,074","1,137",778,211,513,860,"1,151","1,105","1,185","1,801","1,136","1,704"
Used merchandise stores,2020,"1,501","1,551","1,028",420,882,"1,246","1,300","1,491","1,357","1,607","1,537","1,465"
Nonstore retailers,2020,"62,245","58,864","66,414","73,022","78,134","76,015","79,072","77,168","75,540","81,386","91,542","105,157"
Electronic shopping and mail-order houses,2020,"53,485","50,716","58,622","67,339","72,558","69,954","72,123","70,505","68,425","73,023","83,769","96,203"
Fuel dealers,2020,"4,240","3,565","3,016","2,069","1,741","1,577","1,603","1,630","1,885","2,262","2,563","3,723"
Food services and drinking places,2020,"61,567","62,956","47,740","30,017","42,321","51,473","54,511","56,358","54,740","57,392","50,911","51,497"
Drinking places,2020,(S),(S),(S),(S),(S),(S),(S),(S),(S),(S),(S),(S)
Restaurants and other eating places,2020,"54,131","54,911","42,238","27,674","39,803","48,350","51,178","52,457","50,423","52,829","46,984","47,987"
Full service restaurants,2020,"27,018",(S),(S),(S),(S),(S),(S),(S),(S),(S),(S),(S)
Limited service eating places,2020,"27,113","27,062","24,159","20,001","26,498","28,789","30,214","30,013","28,743","29,950","27,249","28,640"
"Retail and food services sales, total",2019,"456,538","442,274","513,845","506,920","544,203","515,269","528,710","541,951","493,076","522,195","532,130","587,471"
Retail sales and food services excl motor vehicle and parts,2019,"368,649","352,651","403,490","403,550","432,418","410,619","419,527","427,360","393,464","418,339","430,888","483,860"
Retail sales and food services excl gasoline stations,2019,"420,099","406,760","471,780","462,650","496,816","470,393","482,318","496,002","450,325","477,847","490,706","546,509"
Retail sales and food services excl motor vehicle and parts and gasoline stations,2019,"332,210","317,137","361,425","359,280","385,031","365,743","373,135","381,411","350,713","373,991","389,464","442,898"
"Retail sales, total",2019,"399,461","384,967","447,155","442,921","475,897","448,595","462,097","473,482","429,556","456,436","469,003","521,467"
"Retail sales, total (excl. motor vehicle and parts dealers)",2019,"311,572","295,344","336,800","339,551","364,112","343,945","352,914","358,891","329,944","352,580","367,761","417,856"
GAFO(1),2019,"91,540","90,967","106,564","102,978","110,415","105,867","107,090","114,131","100,240","106,921","121,457","147,773"
Motor vehicle and parts dealers,2019,"87,889","89,623","110,355","103,370","111,785","104,650","109,183","114,591","99,612","103,856","101,242","103,611"
Automobile and other motor vehicle dealers,2019,"80,625","82,469","101,927","95,090","103,213","96,499","100,703","105,884","91,758","95,219","93,303","96,137"
Automobile dealers,2019,"76,147","77,461","94,814","87,537","94,742","88,523","93,041","98,738","85,985","89,711","88,406","91,579"
New car dealers,2019,"67,012","67,456","82,564","76,907","83,937","78,207","82,550","88,148","76,300","79,728","78,776","82,739"
Used car dealers,2019,"9,135","10,005","12,250","10,630","10,805","10,316","10,491","10,590","9,685","9,983","9,630","8,840"
"Automotive parts, acc., and tire stores",2019,"7,264","7,154","8,428","8,280","8,572","8,151","8,480","8,707","7,854","8,637","7,939","7,474"
"Furniture, home furn, electronics, and appliance stores",2019,"15,980","15,191","17,210","16,068","17,408","16,742","17,358","18,135","17,239","17,368","20,279","22,075"
Furniture and home furnishings stores,2019,"8,818","8,629","10,018","9,579","10,296","9,759","10,188","10,616","10,116","10,272","11,037","11,189"
Furniture stores,2019,"4,628","4,616","5,503","5,065","5,566","5,335","5,496","5,705","5,631","5,432","5,793","5,438"
Home furnishings stores,2019,"4,190","4,013","4,515","4,514","4,730","4,424","4,692","4,911","4,485","4,840","5,244","5,751"
Floor covering stores,2019,(S),(S),(S),(S),(S),(S),(S),(S),(S),(S),(S),(S)
All other home furnishings stores,2019,"2,246","2,088","2,353","2,300","2,480","2,200","2,454","2,577","2,305","2,506","3,083","3,746"
Electronics and appliance stores,2019,"7,162","6,562","7,192","6,489","7,112","6,983","7,170","7,519","7,123","7,096","9,242","10,886"
Household appliance stores,2019,"1,198","1,177","1,334","1,310","1,471","1,398","1,523","1,467","1,357","1,409","1,500","1,423"
Electronics stores,2019,"5,964","5,385","5,858","5,179","5,641","5,585","5,647","6,052","5,766","5,687","7,742","9,463"
Building mat. and garden equip. and supplies dealers,2019,"26,620","24,039","29,916","34,033","37,235","33,517","33,691","32,375","29,963","32,629","29,793","28,621"
Building mat. and supplies dealers,2019,"23,425","21,061","25,871","29,233","32,196","29,265","29,938","28,915","26,662","28,697","26,220","24,990"
Paint and wallpaper stores,2019,912,860,"1,029",982,"1,192","1,174","1,248","1,257","1,149","1,162",940,829
Hardware stores,2019,"2,083","1,910","2,340","2,517","2,821","2,579","2,524","2,525","2,317","2,549","2,335","2,337"
Food and beverage stores,2019,"62,829","56,898","63,504","62,402","66,510","64,479","66,428","66,937","62,420","64,849","66,363","70,028"
Grocery stores,2019,"57,184","51,284","57,216","56,053","59,656","57,791","59,460","59,954","56,083","58,172","59,224","60,938"
Supermarkets and other grocery (except convenience) stores,2019,"54,876","49,031","54,609","53,382","56,715","54,902","56,476","56,957","53,251","55,304","56,499","58,214"
"Beer, wine, and liquor stores",2019,"3,933","3,916","4,445","4,358","4,861","4,769","4,993","5,017","4,454","4,676","5,057","6,326"
Health and personal care stores,2019,"28,639","26,772","28,786","28,402","29,487","27,642","28,142","28,528","27,297","29,551","27,844","31,479"
Pharmacies and drug stores,2019,"24,194","22,372","23,599","23,766","24,612","22,692","23,437","23,562","22,515","24,856","22,815","25,195"
Gasoline stations,2019,"36,439","35,514","42,065","44,270","47,387","44,876","46,392","45,949","42,751","44,348","41,424","40,962"
Clothing and clothing access. stores,2019,"16,155","17,961","22,059","21,500","23,079","21,116","21,742","23,829","19,567","21,400","25,170","35,157"
Clothing stores,2019,"11,955","12,514","16,212","15,820","16,829","15,728","15,971","17,028","14,374","16,070","18,992","24,357"
Men's clothing stores,2019,630,591,733,846,852,740,669,714,725,777,830,"1,003"
Women's clothing stores,2019,"2,400","2,571","3,430","3,438","3,636","3,116","3,104","3,169","2,923","3,226","3,664","4,274"
Family clothing stores,2019,"6,606","6,905","9,058","8,747","9,381","9,009","9,246","10,034","8,193","9,347","11,232","14,433"
Other clothing stores,2019,"1,179","1,212","1,458","1,285","1,395","1,496","1,472","1,496","1,225","1,287","1,577","2,296"
Shoe stores,2019,"2,187","2,722","3,383","3,043","3,018","2,796","3,093","3,988","2,594","2,721","3,038","4,044"
Jewelry stores,2019,"1,788","2,484","2,197","2,378","2,898","2,291","2,405","2,519","2,330","2,353","2,809","6,188"
"Sporting goods, hobby, musical instrument, and book stores",2019,"5,658","5,249","6,353","6,253","6,522","6,671","6,636","7,608","6,325","6,435","7,382","9,665"
Sporting goods stores,2019,"2,784","2,876","3,700","3,678","3,826","4,165","4,133","4,368","3,403","3,526","3,825","5,337"
"Hobby, toy, and game stores",2019,"1,131","1,088","1,265","1,159","1,235","1,169","1,178","1,269","1,254","1,407","2,064","2,305"
Book stores,2019,"1,029",585,603,650,696,613,591,"1,124",871,650,640,"1,074"
General merchandise stores,2019,"51,708","50,626","58,788","56,991","60,909","58,979","58,759","61,777","54,785","58,872","66,356","77,926"
Department stores,2019,"8,681","9,108","10,615","10,422","11,267","10,605","10,610","11,542","9,732","10,441","13,360","18,276"
Department stores(excl. discount department stores),2019,"2,367","2,641","3,080","3,098","3,287","3,014","2,940","3,054","2,858","2,921","4,135","6,153"
Discount dept. stores,2019,"6,314","6,467","7,535","7,324","7,980","7,591","7,670","8,488","6,874","7,520","9,225","12,123"
Other general merchandise stores,2019,"43,027",41518,48173,"46,569","49,642","48,374","48,149","50,235","45,053","48,431","52,996","59,650"
Warehouse clubs and superstores,2019,"37,147","35,759","41,608","39,923","42,586","41,710","41,581","43,575","38,806","41,653","45,788","51,201"
All other gen. merchandise stores,2019,"5,880","5,759","6,565","6,646","7,056","6,664","6,568","6,660","6,247","6,778","7,208","8,449"
Miscellaneous store retailers,2019,"9,141","8,938","10,028","10,492","12,343","11,183","11,234","11,689","10,711","11,933","11,641","12,227"
"Office supplies, stationery, and gift stores",2019,"2,039","1,940","2,154","2,166","2,497","2,359","2,595","2,782","2,324","2,846","2,270","2,950"
Office supplies and stationery stores,2019,"1,014",833,889,848,828,751,891,"1,260",893,831,770,911
"Gift, novelty, and souvenir stores",2019,"1,025","1,107","1,265","1,318","1,669","1,608","1,704","1,522","1,431","2,015","1,500","2,039"
Used merchandise stores,2019,"1,366","1,342","1,526","1,583","1,446","1,415","1,456","1,632","1,557","1,842","1,624","1,511"
Nonstore retailers,2019,"58,403","54,156","58,091","59,140","63,232","58,740","62,532","62,064","58,886","65,195","71,509","89,716"
Electronic shopping and mail-order houses,2019,"49,099","45,894","49,797","51,785","55,752","51,981","55,604","54,963","51,913","57,196","63,340","80,543"
Fuel dealers,2019,"4,656","3,987","3,738","2,612","2,193","1,785","1,857","1,954","2,041","2,666","3,371","4,110"
Food services and drinking places,2019,"57,077","57,307","66,690","63,999","68,306","66,674","66,613","68,469","63,520","65,759","63,127","66,004"
Drinking places,2019,(S),(S),(S),(S),(S),(S),(S),(S),(S),(S),(S),(S)
Restaurants and other eating places,2019,"50,245","50,014","58,242","55,676","59,735","58,908","59,300","59,998","54,572","56,410","54,745","57,953"
Full service restaurants,2019,"24,924","24,992","28,567","27,052","29,627","29,112","29,069","29,623","26,720","27,595","27,221","29,811"
Limited service eating places,2019,"25,321","25,022","29,675","28,624","30,108","29,796","30,231","30,375","27,852","28,815","27,524","28,142"
"Retail and food services sales, total",2018,"444,286","435,373","508,383","480,373","527,991","507,106","505,209","520,544","477,137","503,602","518,457","556,614"
Retail sales and food services excl motor vehicle and parts,2018,"356,043","345,645","398,623","380,907","418,752","402,227","401,379","412,163","381,171","404,569","423,227","455,566"
Retail sales and food services excl gasoline stations,2018,"405,332","398,494","466,197","437,800","480,549","460,356","458,120","472,671","432,695","456,531","476,440","518,437"
Retail sales and food services excl motor vehicle and parts and gasoline stations,2018,"317,089","308,766","356,437","338,334","371,310","355,477","354,290","364,290","336,729","357,498","381,210","417,389"
"Retail sales, total",2018,"389,808","380,671","444,994","420,245","464,050","443,577","441,767","456,030","417,172","441,878","459,319","493,526"
"Retail sales, total (excl. motor vehicle and parts dealers)",2018,"301,565","290,943","335,234","320,779","354,811","338,698","337,937","347,649","321,206","342,845","364,089","392,478"
GAFO(1),2018,"90,650","92,611","108,401","98,990","110,609","106,035","105,372","111,811","100,372","105,419","121,812","146,442"
Motor vehicle and parts dealers,2018,"88,243","89,728","109,760","99,466","109,239","104,879","103,830","108,381","95,966","99,033","95,230","101,048"
Automobile and other motor vehicle dealers,2018,"81,003","82,701","101,441","91,695","100,854","96,675","95,619","99,859","88,197","90,587","87,350","93,824"
Automobile dealers,2018,"76,900","77,775","94,586","84,366","92,690","88,505","88,463","92,692","82,407","85,177","82,531","89,379"
New car dealers,2018,"67,879","67,635","83,075","74,595","82,342","78,485","78,428","82,340","73,197","75,794","73,608","80,750"
Used car dealers,2018,"9,021","10,140","11,511","9,771","10,348","10,020","10,035","10,352","9,210","9,383","8,923","8,629"
"Automotive parts, acc., and tire stores",2018,"7,240","7,027","8,319","7,771","8,385","8,204","8,211","8,522","7,769","8,446","7,880","7,224"
"Furniture, home furn, electronics, and appliance stores",2018,"16,168","15,673","17,766","16,200","17,511","17,425","17,294","18,260","17,039","17,301","20,335","22,124"
Furniture and home furnishings stores,2018,"8,878","8,701","10,185","9,365","10,114","9,921","9,916","10,399","9,759","9,966","10,770","11,120"
Furniture stores,2018,"4,719","4,798","5,669","5,011","5,377","5,409","5,287","5,534","5,382","5,175","5,491","5,427"
Home furnishings stores,2018,"4,159","3,903","4,516","4,354","4,737","4,512","4,629","4,865","4,377","4,791","5,279","5,693"
Floor covering stores,2018,(S),(S),(S),(S),(S),(S),(S),(S),(S),(S),(S),(S)
All other home furnishings stores,2018,"2,299","2,057","2,351","2,183","2,395","2,209","2,354","2,531","2,263","2,449","3,150","3,808"
Electronics and appliance stores,2018,"7,290","6,972","7,581","6,835","7,397","7,504","7,378","7,861","7,280","7,335","9,565","11,004"
Household appliance stores,2018,"1,227","1,221","1,415","1,315","1,498","1,479","1,460","1,514","1,340","1,406","1,522","1,393"
Electronics stores,2018,"6,063","5,751","6,166","5,520","5,899","6,025","5,918","6,347","5,940","5,929","8,043","9,611"
Building mat. and garden equip. and supplies dealers,2018,"23,535","23,507","29,753","32,034","37,940","34,966","33,133","32,075","29,354","32,490","29,908","27,530"
Building mat. and supplies dealers,2018,"21,084","20,764","25,690","27,423","32,365","30,594","29,673","28,644","26,048","28,547","26,446","23,986"
Paint and wallpaper stores,2018,803,821,994,"1,016","1,152","1,174","1,150","1,197","1,042","1,143",936,817
Hardware stores,2018,"1,933","1,826","2,317","2,362","2,726","2,509","2,350","2,364","2,172","2,385","2,263","2,260"
Food and beverage stores,2018,"60,393","56,483","63,791","59,571","64,527","62,765","63,399","63,628","61,186","62,554","63,656","68,047"
Grocery stores,2018,"54,910","50,967","57,356","53,647","57,855","56,107","56,720","57,015","54,910","56,019","56,647","59,177"
Supermarkets and other grocery (except convenience) stores,2018,"52,638","48,708","54,758","50,995","55,109","53,351","53,962","54,230","52,296","53,358","54,139","56,691"
"Beer, wine, and liquor stores",2018,"3,792","3,792","4,436","4,143","4,702","4,740","4,761","4,697","4,416","4,555","4,926","6,128"
Health and personal care stores,2018,"27,699","25,667","28,477","27,155","28,960","27,655","27,467","28,904","26,846","29,355","28,786","30,794"
Pharmacies and drug stores,2018,"23,606","21,410","23,426","22,611","24,157","22,659","22,881","23,994","22,167","24,713","23,708","24,750"
Gasoline stations,2018,"38,954","36,879","42,186","42,573","47,442","46,750","47,089","47,873","44,442","47,071","42,017","38,177"
Clothing and clothing access. stores,2018,"15,780","18,424","22,207","20,463","23,560","21,294","21,733","23,121","19,782","21,203","25,364","33,950"
Clothing stores,2018,"11,643","12,926","16,382","14,945","17,132","15,676","15,944","16,608","14,709","15,833","19,074","23,481"
Men's clothing stores,2018,594,626,774,830,867,780,676,721,738,765,839,"1,012"
Women's clothing stores,2018,"2,314","2,635","3,429","3,325","3,692","3,194","3,109","3,270","3,071","3,406","4,010","4,392"
Family clothing stores,2018,"6,322","7,061","9,081","8,070","9,546","8,767","9,142","9,501","8,244","8,989","10,851","13,626"
Other clothing stores,2018,"1,220","1,251","1,471","1,268","1,436","1,558","1,606","1,610","1,315","1,297","1,680","2,190"
Shoe stores,2018,"2,076","2,696","3,275","2,920","3,158","2,893","3,255","3,898","2,736","2,841","3,288","4,217"
Jewelry stores,2018,"1,849","2,569","2,293","2,348","2,973","2,469","2,286","2,371","2,110","2,300","2,726","5,789"
"Sporting goods, hobby, musical instrument, and book stores",2018,"5,964","5,673","7,049","6,329","6,788","6,822","6,366","7,361","6,100","6,039","7,290","9,348"
Sporting goods stores,2018,"2,816","3,076","3,853","3,597","3,859","4,151","3,928","4,145","3,198","3,266","3,760","5,106"
"Hobby, toy, and game stores",2018,"1,187","1,230","1,720","1,358","1,438","1,259","1,046","1,100","1,182","1,282","1,986","2,101"
Book stores,2018,"1,219",646,665,638,707,647,620,"1,247",886,654,680,"1,149"
General merchandise stores,2018,"50,594","50,770","59,068","53,805","60,281","58,091","57,383","60,099","54,945","57,771","66,319","77,968"
Department stores,2018,"9,120","9,663","11,481","10,567","12,014","11,166","10,979","12,083","10,371","10,995","14,562","19,082"
Department stores(excl. discount department stores),2018,"2,638","3,041","3,643","3,551","3,860","3,421","3,273","3,423","3,191","3,324","4,850","6,356"
Discount dept. stores,2018,"6,482","6,622","7,838","7,016","8,154","7,745","7,706","8,660","7,180","7,671","9,712","12,726"
Other general merchandise stores,2018,"41,474",41107,47587,"43,238","48,267","46,925","46,404","48,016","44,574","46,776","51,757","58,886"
Warehouse clubs and superstores,2018,"35,948","35,461","41,098","37,228","41,417","40,547","40,132","41,593","38,362","40,187","44,281","50,429"
All other gen. merchandise stores,2018,"5,526","5,646","6,489","6,010","6,850","6,378","6,272","6,423","6,212","6,589","7,476","8,457"
Miscellaneous store retailers,2018,"9,472","9,235","10,348","10,121","12,184","11,197","10,531","11,168","10,198","11,441","11,058","11,455"
"Office supplies, stationery, and gift stores",2018,"2,144","2,071","2,311","2,193","2,469","2,403","2,596","2,970","2,506","3,105","2,504","3,052"
Office supplies and stationery stores,2018,"1,067",887,950,859,864,801,923,"1,355",944,864,872,977
"Gift, novelty, and souvenir stores",2018,"1,077","1,184","1,361","1,334","1,605","1,602","1,673","1,615","1,562","2,241","1,632","2,075"
Used merchandise stores,2018,"1,313","1,366","1,544","1,437","1,495","1,415","1,336","1,491","1,376","1,565","1,438","1,399"
Nonstore retailers,2018,"53,006","48,632","54,589","52,528","55,618","51,733","53,542","55,160","51,314","57,620","69,356","73,085"
Electronic shopping and mail-order houses,2018,"43,140","40,701","46,222","45,015","48,188","45,294","47,154","48,469","44,922","49,855","61,028","64,279"
Fuel dealers,2018,"5,831","3,807","3,582","2,818","2,211","1,813","1,886","2,043","2,050","2,962","3,487","4,040"
Food services and drinking places,2018,"54,478","54,702","63,389","60,128","63,941","63,529","63,442","64,514","59,965","61,724","59,138","63,088"
Drinking places,2018,"2,033","2,009",(S),(S),(S),(S),(S),(S),(S),(S),(S),(S)
Restaurants and other eating places,2018,"47,791","47,531","55,287","52,178","55,905","56,132","56,429","56,674","51,577","53,058","51,176","55,411"
Full service restaurants,2018,"24,145","24,068","27,766","25,987","27,820","27,818","27,696","27,881","25,229","25,858","25,062","28,544"
Limited service eating places,2018,"23,646","23,463","27,521","26,191","28,085","28,314","28,733","28,793","26,348","27,200","26,114","26,867"
"Retail and food services sales, total",2017,"421,943","418,315","483,082","465,788","494,621","481,729","475,374","490,324","469,710","476,014","497,748","558,215"
Retail sales and food services excl motor vehicle and parts,2017,"336,756","328,901","376,796","368,476","388,989","379,136","373,146","385,526","369,739","378,618","402,994","458,090"
Retail sales and food services excl gasoline stations,2017,"386,019","384,105","443,979","426,328","453,329","441,236","435,163","448,690","428,033","434,050","457,507","518,272"
Retail sales and food services excl motor vehicle and parts and gasoline stations,2017,"300,832","294,691","337,693","329,016","347,697","338,643","332,935","343,892","328,062","336,654","362,753","418,147"
"Retail sales, total",2017,"368,960","365,480","422,891","407,165","434,450","423,034","416,900","431,822","412,578","417,830","442,077","497,027"
"Retail sales, total (excl. motor vehicle and parts dealers)",2017,"283,773","276,066","316,605","309,853","328,818","320,441","314,672","327,024","312,607","320,434","347,323","396,902"
GAFO(1),2017,"89,665","90,295","103,318","100,738","104,278","103,200","102,606","108,670","100,576","102,945","118,959","149,727"
Motor vehicle and parts dealers,2017,"85,187","89,414","106,286","97,312","105,632","102,593","102,228","104,798","99,971","97,396","94,754","100,125"
Automobile and other motor vehicle dealers,2017,"78,171","82,482","97,923","89,632","97,493","94,441","94,321","96,524","92,143","89,438","86,977","92,708"
Automobile dealers,2017,"74,592","77,677","91,087","82,252","89,606","86,383","87,356","89,966","86,444","84,382","82,631","88,211"
New car dealers,2017,"65,936","67,908","79,946","72,863","79,723","76,450","77,677","80,177","77,024","75,083","73,878","79,822"
Used car dealers,2017,"8,656","9,769","11,141","9,389","9,883","9,933","9,679","9,789","9,420","9,299","8,753","8,389"
"Automotive parts, acc., and tire stores",2017,"7,016","6,932","8,363","7,680","8,139","8,152","7,907","8,274","7,828","7,958","7,777","7,417"
"Furniture, home furn, electronics, and appliance stores",2017,"15,441","15,096","17,310","15,399","16,729","16,749","16,467","17,501","16,970","16,815","20,405","22,851"
Furniture and home furnishings stores,2017,"8,407","8,377","9,815","8,726","9,574","9,522","9,396","10,033","9,676","9,647","10,702","11,434"
Furniture stores,2017,"4,646","4,757","5,476","4,749","5,140","5,084","5,104","5,229","5,189","5,050","5,464","5,400"
Home furnishings stores,2017,"3,761","3,620","4,339","3,977","4,434","4,438","4,292","4,804","4,487","4,597","5,238","6,034"
Floor covering stores,2017,"1,459","1,510",(S),(S),(S),(S),(S),(S),(S),(S),(S),(S)
All other home furnishings stores,2017,"2,181","1,980","2,317","2,117","2,401","2,308","2,319","2,564","2,299","2,338","3,046","4,006"
Electronics and appliance stores,2017,"7,034","6,719","7,495","6,673","7,155","7,227","7,071","7,468","7,294","7,168","9,703","11,417"
Household appliance stores,2017,"1,302","1,290","1,493","1,350","1,453","1,448","1,396","1,387","1,385","1,360","1,510","1,432"
Electronics stores,2017,"5,732","5,429","6,002","5,323","5,702","5,779","5,675","6,081","5,909","5,808","8,193","9,985"
Building mat. and garden equip. and supplies dealers,2017,"22,389","22,494","29,230","31,259","35,632","33,437","30,060","30,304","28,978","29,672","29,182","26,728"
Building mat. and supplies dealers,2017,"20,256","19,963","25,217","25,962","29,761","28,839","26,497","27,031","26,017","26,536","25,953","23,439"
Paint and wallpaper stores,2017,747,772,978,935,"1,082","1,115","1,044","1,124","1,015","1,039",897,788
Hardware stores,2017,"1,781","1,696","2,127","2,208","2,441","2,392","2,194","2,248","2,161","2,264","2,153","2,226"
Food and beverage stores,2017,"57,800","54,492","60,237","59,605","62,115","60,545","61,611","61,414","60,283","60,762","62,093","67,886"
Grocery stores,2017,"52,552","49,212","54,366","53,635","55,709","54,191","55,159","55,083","54,142","54,561","55,443","59,125"
Supermarkets and other grocery (except convenience) stores,2017,"50,497","47,201","52,090","51,267","53,223","51,771","52,679","52,628","51,676","52,095","53,089","56,756"
"Beer, wine, and liquor stores",2017,"3,578","3,606","4,074","4,077","4,456","4,482","4,598","4,452","4,346","4,343","4,638","5,972"
Health and personal care stores,2017,"25,715","24,718","27,499","25,819","27,376","26,848","25,966","27,609","26,551","27,761","27,402","30,602"
Pharmacies and drug stores,2017,"21,723","20,599","22,640","21,612","23,007","22,345","21,610","22,820","21,944","23,386","22,676","24,692"
Gasoline stations,2017,"35,924","34,210","39,103","39,460","41,292","40,493","40,211","41,634","41,677","41,964","40,241","39,943"
Clothing and clothing access. stores,2017,"15,907","18,020","21,332","21,143","21,945","20,618","20,795","22,775","19,909","20,469","24,560","33,923"
Clothing stores,2017,"11,843","12,703","15,785","15,683","16,005","15,397","15,368","16,356","14,713","15,361","18,393","23,501"
Men's clothing stores,2017,622,644,797,834,873,803,688,719,759,745,786,"1,026"
Women's clothing stores,2017,"2,373","2,668","3,364","3,496","3,487","3,220","3,083","3,173","3,007","3,179","3,638","4,524"
Family clothing stores,2017,"6,024","6,542","8,372","8,440","8,623","8,388","8,711","9,125","8,079","8,628","10,639","13,641"
Other clothing stores,2017,"1,502","1,444","1,579","1,376","1,479","1,494","1,385","1,576","1,362","1,297","1,513","1,815"
Shoe stores,2017,"2,143","2,674","3,233","3,076","2,918","2,765","2,976","3,925","2,754","2,646","3,078","4,144"
Jewelry stores,2017,"1,742","2,435","2,101","2,172","2,746","2,237","2,204","2,263","2,215","2,231","2,810","5,832"
"Sporting goods, hobby, musical instrument, and book stores",2017,"6,215","5,549","6,623","6,339","6,552","6,716","6,499","7,639","6,722","6,349","7,794","10,899"
Sporting goods stores,2017,"2,955","3,030","3,780","3,645","3,802","4,108","3,916","4,225","3,573","3,402","3,999","5,530"
"Hobby, toy, and game stores",2017,"1,182","1,181","1,355","1,278","1,247","1,178","1,193","1,243","1,348","1,445","2,239","3,258"
Book stores,2017,"1,380",672,690,712,766,685,647,"1,370",976,654,663,"1,114"
General merchandise stores,2017,"49,906","49,571","55,762","55,651","56,603","56,738","56,386","57,880","54,481","56,416","63,781","78,716"
Department stores,2017,"9,386","9,909","11,630","11,460","11,833","11,587","11,332","12,170","10,891","11,176","14,897","20,383"
Department stores(excl. discount department stores),2017,"2,847","3,266","3,768","3,789","3,983","3,665","3,516","3,608","3,557","3,586","4,907","7,943"
Discount dept. stores,2017,"6,539","6,643","7,862","7,671","7,850","7,922","7,816","8,562","7,334","7,590","9,990","12,440"
Other general merchandise stores,2017,"40,520",39662,44132,"44,191","44,770","45,151","45,054","45,710","43,590","45,240","48,884","58,333"
Warehouse clubs and superstores,2017,"35,225","34,246","37,986","38,044","38,470","38,860","38,973","39,541","37,601","39,009","42,138","50,087"
All other gen. merchandise stores,2017,"5,295","5,416","6,146","6,147","6,300","6,291","6,081","6,169","5,989","6,231","6,746","8,246"
Miscellaneous store retailers,2017,"8,654","8,804","9,919","9,692","11,205","10,517","10,265","10,750","10,198","10,679","10,763","11,736"
"Office supplies, stationery, and gift stores",2017,"2,196","2,059","2,291","2,206","2,449","2,379","2,459","2,875","2,494","2,896","2,419","3,338"
Office supplies and stationery stores,2017,"1,186",971,"1,058",920,961,897,926,"1,390","1,076",941,919,"1,016"
"Gift, novelty, and souvenir stores",2017,"1,010","1,088","1,233","1,286","1,488","1,482","1,533","1,485","1,418","1,955","1,500","2,322"
Used merchandise stores,2017,"1,226","1,249","1,426","1,321","1,388","1,324","1,380","1,455","1,425","1,562","1,483","1,500"
Nonstore retailers,2017,"45,822","43,112","49,590","45,486","49,369","47,780","46,412","49,518","46,838","49,547","61,102","73,618"
Electronic shopping and mail-order houses,2017,"38,057","35,954","41,820","39,274","42,753","41,570","40,756","43,216","40,559","42,667","53,288","64,725"
Fuel dealers,2017,"3,943","3,375","3,371","2,129","1,914","1,632","1,472","1,707","1,854","2,362","3,243","4,431"
Food services and drinking places,2017,"52,983","52,835","60,191","58,623","60,171","58,695","58,474","58,502","57,132","58,184","55,671","61,188"
Drinking places,2017,"1,977","1,955","2,278","2,119","2,182","2,098","2,157","2,104","2,160","2,204","2,071","2,231"
Restaurants and other eating places,2017,"46,503","45,966","52,531","50,905","52,503","51,666","51,817","51,564","49,019","49,968","48,097","53,589"
Full service restaurants,2017,"23,690","23,611","26,690","25,741","26,175","25,482","25,360","25,120","23,977","24,361","23,783","27,777"
Limited service eating places,2017,"22,813","22,355","25,841","25,164","26,328","26,184","26,457","26,444","25,042","25,607","24,314","25,812"
"Retail and food services sales, total",2016,"401,911","415,093","460,910","451,121","470,116","464,721","462,004","471,690","448,516","453,155","467,232","539,667"
Retail sales and food services excl motor vehicle and parts,2016,"321,013","324,880","359,702","353,383","371,156","366,135","362,111","367,377","352,800","360,140","376,891","438,631"
Retail sales and food services excl gasoline stations,2016,"370,863","386,106","427,324","415,844","431,308","424,659","422,252","432,935","410,592","414,177","431,420","502,513"
Retail sales and food services excl motor vehicle and parts and gasoline stations,2016,"289,965","295,893","326,116","318,106","332,348","326,073","322,359","328,622","314,876","321,162","341,079","401,477"
"Retail sales, total",2016,"351,890","363,622","405,050","394,766","413,047","410,045","405,935","416,449","394,147","397,337","413,872","482,053"
"Retail sales, total (excl. motor vehicle and parts dealers)",2016,"270,992","273,409","303,842","297,028","314,087","311,459","306,042","312,136","298,431","304,322","323,531","381,017"
GAFO(1),2016,"89,674","94,702","104,199","98,659","103,979","102,162","102,899","107,380","98,485","101,847","114,768","148,877"
Motor vehicle and parts dealers,2016,"80,898","90,213","101,208","97,738","98,960","98,586","99,893","104,313","95,716","93,015","90,341","101,036"
Automobile and other motor vehicle dealers,2016,"73,975","82,909","93,030","90,067","91,172","90,426","92,147","96,100","88,025","85,223","82,873","93,364"
Automobile dealers,2016,"70,393","78,320","86,386","83,117","84,037","83,087","85,623","89,924","82,567","80,503","78,752","89,247"
New car dealers,2016,"62,569","67,800","76,194","73,798","75,336","73,973","76,669","80,417","73,954","71,517","70,724","80,614"
Used car dealers,2016,"7,824","10,520","10,192","9,319","8,701","9,114","8,954","9,507","8,613","8,986","8,028","8,633"
"Automotive parts, acc., and tire stores",2016,"6,923","7,304","8,178","7,671","7,788","8,160","7,746","8,213","7,691","7,792","7,468","7,672"
"Furniture, home furn, electronics, and appliance stores",2016,"15,555","15,986","16,967","15,464","16,342","16,618","16,726","17,560","17,082","16,231","19,282","22,420"
Furniture and home furnishings stores,2016,"8,297","8,507","9,402","8,734","9,139","9,252","9,313","9,706","9,667","9,175","10,079","10,989"
Furniture stores,2016,"4,599","4,818","5,197","4,716","4,997","5,029","5,028","5,135","5,292","4,903","5,281","5,299"
Home furnishings stores,2016,"3,698","3,689","4,205","4,018","4,142","4,223","4,285","4,571","4,375","4,272","4,798","5,690"
Floor covering stores,2016,"1,457","1,503","1,780","1,727","1,751","1,882","1,803","1,936","1,864","1,795","1,725","1,685"
All other home furnishings stores,2016,"2,130","2,075","2,283","2,141","2,268","2,212","2,348","2,513","2,366","2,340","2,947","3,884"
Electronics and appliance stores,2016,"7,258","7,479","7,565","6,730","7,203","7,366","7,413","7,854","7,415","7,056","9,203","11,431"
Household appliance stores,2016,"1,246","1,348","1,411","1,334","1,462","1,544","1,499","1,506","1,517","1,395","1,645","1,631"
Electronics stores,2016,"6,012","6,131","6,154","5,396","5,741","5,822","5,914","6,348","5,898","5,661","7,558","9,800"
Building mat. and garden equip. and supplies dealers,2016,"21,408","22,538","29,101","31,497","33,652","33,120","29,112","28,866","27,778","27,464","27,433","25,818"
Building mat. and supplies dealers,2016,"19,154","20,032","24,796","26,164","28,033","28,214","25,917","25,904","24,875","24,509","24,629","22,759"
Paint and wallpaper stores,2016,677,755,931,944,983,"1,091","1,000","1,066","1,000",946,847,753
Hardware stores,2016,"1,746","1,757","2,123","2,159","2,268","2,211","2,067","2,097","1,943","2,051","1,917","2,100"
Food and beverage stores,2016,"56,931","54,145","58,086","56,266","59,242","58,521","59,851","58,627","57,448","58,744","59,198","65,103"
Grocery stores,2016,"51,810","48,747","52,254","50,543","53,053","52,332","53,382","52,474","51,405","52,655","52,772","56,444"
Supermarkets and other grocery (except convenience) stores,2016,"49,846","46,788","50,065","48,356","50,698","49,936","50,825","50,021","49,106","50,393","50,625","54,287"
"Beer, wine, and liquor stores",2016,"3,488","3,642","3,907","3,966","4,242","4,307","4,572","4,307","4,260","4,261","4,488","5,812"
Health and personal care stores,2016,"25,538","26,171","27,682","26,302","26,802","26,623","25,749","27,014","26,229","25,678","25,775","29,608"
Pharmacies and drug stores,2016,"21,680","21,895","23,016","22,120","22,536","22,135","21,595","22,392","21,619","21,493","21,241","23,791"
Gasoline stations,2016,"31,048","28,987","33,586","35,277","38,808","40,062","39,752","38,755","37,924","38,978","35,812","37,154"
Clothing and clothing access. stores,2016,"15,753","19,011","21,555","20,493","21,752","20,251","20,759","22,479","19,904","20,626","23,800","34,824"
Clothing stores,2016,"11,629","13,188","15,945","15,042","15,763","15,067","15,367","16,179","14,855","15,527","17,763","24,003"
Men's clothing stores,2016,604,672,767,792,839,783,686,729,747,759,805,"1,098"
Women's clothing stores,2016,"2,413","2,865","3,565","3,429","3,513","3,156","3,058","3,298","3,083","3,182","3,612","4,577"
Family clothing stores,2016,"6,055","6,842","8,448","7,971","8,458","8,181","8,666","8,796","8,049","8,666","9,732","13,365"
Other clothing stores,2016,"1,265","1,367","1,483","1,378","1,341","1,424","1,345","1,575","1,404","1,320","1,713","2,264"
Shoe stores,2016,"2,163","2,945","3,238","2,915","2,952","2,779","3,073","3,898","2,790","2,750","3,084","4,316"
Jewelry stores,2016,"1,769","2,637","2,129","2,276","2,768","2,189","2,088","2,181","2,042","2,123","2,705","6,050"
"Sporting goods, hobby, musical instrument, and book stores",2016,"6,427","5,844","6,923","6,499","6,695","7,214","6,913","7,792","6,733","6,291","7,594","11,441"
Sporting goods stores,2016,"3,104","3,235","4,075","3,792","3,939","4,631","4,314","4,302","3,587","3,395","3,870","5,837"
"Hobby, toy, and game stores",2016,"1,191","1,221","1,374","1,250","1,243","1,188","1,239","1,239","1,315","1,428","2,234","3,432"
Book stores,2016,"1,424",687,681,671,741,677,652,"1,496","1,037",688,718,"1,244"
General merchandise stores,2016,"49,678","51,619","56,375","53,822","56,662","55,680","55,976","56,578","52,143","55,817","61,665","76,698"
Department stores,2016,"10,199","11,074","12,568","11,647","12,238","12,296","11,850","12,735","11,409","11,934","14,892","21,358"
Department stores(excl. discount department stores),2016,"3,162","3,727","4,289","4,076","4,228","4,085","3,851","3,920","3,902","3,921","5,214","8,536"
Discount dept. stores,2016,"7,037","7,347","8,279","7,571","8,010","8,211","7,999","8,815","7,507","8,013","9,678","12,822"
Other general merchandise stores,2016,"39,479",40545,43807,"42,175","44,424","43,384","44,126","43,843","40,734","43,883","46,773","55,340"
Warehouse clubs and superstores,2016,"34,531","35,117","37,820","36,557","38,385","37,433","38,312","38,096","35,077","37,969","40,424","47,471"
All other gen. merchandise stores,2016,"4,948","5,428","5,987","5,618","6,039","5,951","5,814","5,747","5,657","5,914","6,349","7,869"
Miscellaneous store retailers,2016,"8,335","8,665","9,714","9,789","10,937","10,451","10,055","10,404","10,184","10,572","10,078","11,485"
"Office supplies, stationery, and gift stores",2016,"2,261","2,242","2,379","2,381","2,528","2,399","2,525","2,971","2,623","2,882","2,427","3,494"
Office supplies and stationery stores,2016,"1,215","1,104","1,136","1,065","1,026",949,991,"1,493","1,207",996,972,"1,129"
"Gift, novelty, and souvenir stores",2016,"1,046","1,138","1,243","1,316","1,502","1,450","1,534","1,478","1,416","1,886","1,455","2,365"
Used merchandise stores,2016,"1,173","1,207","1,307","1,318","1,323","1,279","1,365","1,413","1,390","1,506","1,432","1,394"
Nonstore retailers,2016,"40,319","40,443","43,853","41,619","43,195","42,919","41,149","44,061","43,006","43,921","52,894","66,466"
Electronic shopping and mail-order houses,2016,"33,172","33,394","37,066","35,531","37,026","36,914","35,762","38,405","37,147","37,651","46,353","58,607"
Fuel dealers,2016,"3,560","3,342","2,566","1,973","1,707","1,493","1,366","1,502","1,661","2,126","2,505","3,709"
Food services and drinking places,2016,"50,021","51,471","55,860","56,355","57,069","54,676","56,069","55,241","54,369","55,818","53,360","57,614"
Drinking places,2016,"1,876","1,871","2,039","2,002","2,043","1,905","2,060","1,999","2,059","2,137","1,968","2,089"
Restaurants and other eating places,2016,"44,091","45,163","49,144","48,965","49,724","47,923","49,428","48,527","46,274","47,877","46,172","50,206"
Full service restaurants,2016,"22,883","23,401","24,876","24,833","24,915","23,574","24,313","23,732","22,801","23,766","22,844","25,997"
Limited service eating places,2016,"21,208","21,762","24,268","24,132","24,809","24,349","25,115","24,795","23,473","24,111","23,328","24,209"
"Retail and food services sales, total",2015,"398,555","388,766","446,581","439,993","465,244","450,172","459,960","458,313","432,898","446,746","446,334","518,656"
Retail sales and food services excl motor vehicle and parts,2015,"319,532","308,588","349,376","345,534","366,995","354,741","361,299","359,485","341,246","355,452","361,409","424,623"
Retail sales and food services excl gasoline stations,2015,"365,413","356,478","408,972","402,048","422,991","407,293","415,960","416,260","395,206","408,608","412,260","484,982"
Retail sales and food services excl motor vehicle and parts and gasoline stations,2015,"286,390","276,300","311,767","307,589","324,742","311,862","317,299","317,432","303,554","317,314","327,335","390,949"
"Retail sales, total",2015,"350,466","342,030","393,318","387,581","409,703","398,034","406,760","405,111","382,135","392,721","396,150","464,110"
"Retail sales, total (excl. motor vehicle and parts dealers)",2015,"271,443","261,852","296,113","293,122","311,454","302,603","308,099","306,283","290,483","301,427","311,225","370,077"
GAFO(1),2015,"90,414","90,578","101,430","97,465","105,988","100,182","102,602","107,975","98,028","103,560","114,934","149,506"
Motor vehicle and parts dealers,2015,"79,023","80,178","97,205","94,459","98,249","95,431","98,661","98,828","91,652","91,294","84,925","94,033"
Automobile and other motor vehicle dealers,2015,"72,372","73,422","89,461","86,739","90,562","87,343","90,443","90,964","84,039","83,332","77,576","86,764"
Automobile dealers,2015,"68,972","69,540","83,389","80,246","83,686","80,548","84,213","85,299","78,873","78,547","73,861","82,337"
New car dealers,2015,"61,368","60,223","73,806","71,017","74,882","71,952","75,574","76,687","70,953","70,410","66,478","75,068"
Used car dealers,2015,"7,604","9,317","9,583","9,229","8,804","8,596","8,639","8,612","7,920","8,137","7,383","7,269"
"Automotive parts, acc., and tire stores",2015,"6,651","6,756","7,744","7,720","7,687","8,088","8,218","7,864","7,613","7,962","7,349","7,269"
"Furniture, home furn, electronics, and appliance stores",2015,"16,017","15,290","16,577","15,457","16,617","16,602","17,104","17,332","17,066","17,030","19,542","23,439"
Furniture and home furnishings stores,2015,"8,028","7,583","8,698","8,349","8,993","8,680","9,227","9,268","9,090","9,235","9,610","11,055"
Furniture stores,2015,"4,493","4,328","4,844","4,457","4,974","4,739","4,922","5,070","5,138","4,996","5,051","5,279"
Home furnishings stores,2015,"3,535","3,255","3,854","3,892","4,019","3,941","4,305","4,198","3,952","4,239","4,559","5,776"
Floor covering stores,2015,"1,391","1,311","1,538","1,655","1,647","1,664","1,787","1,742","1,660","1,799","1,600","1,693"
All other home furnishings stores,2015,"2,034","1,832","2,181","2,112","2,247","2,156","2,402","2,342","2,176","2,321","2,844","3,966"
Electronics and appliance stores,2015,"7,989","7,707","7,879","7,108","7,624","7,922","7,877","8,064","7,976","7,795","9,932","12,384"
Household appliance stores,2015,"1,277","1,255","1,422","1,343","1,522","1,533","1,545","1,438","1,470","1,403","1,556","1,610"
Electronics stores,2015,"6,712","6,452","6,457","5,765","6,102","6,389","6,332","6,626","6,506","6,392","8,376","10,774"
Building mat. and garden equip. and supplies dealers,2015,"20,708","19,470","25,912","30,742","32,454","30,852","29,841","27,107","26,870","27,667","26,075","26,232"
Building mat. and supplies dealers,2015,"18,481","17,308","22,543","25,266","26,543","26,244","26,289","24,078","23,954","24,370","23,102","22,993"
Paint and wallpaper stores,2015,684,668,858,923,944,"1,046","1,044",992,977,948,766,730
Hardware stores,2015,"1,735","1,664","1,969","2,133","2,245","2,118","2,054","2,016","1,861","2,061","1,888","1,955"
Food and beverage stores,2015,"56,749","52,155","56,741","55,703","59,296","56,827","59,294","57,957","55,775","57,692","57,099","62,185"
Grocery stores,2015,"51,643","47,164","51,221","50,112","53,188","50,889","53,017","51,991","50,083","51,795","51,135","53,848"
Supermarkets and other grocery (except convenience) stores,2015,"49,782","45,356","49,167","48,012","50,870","48,597","50,611","49,709","47,930","49,666","49,139","51,876"
"Beer, wine, and liquor stores",2015,"3,486","3,397","3,761","3,768","4,222","4,104","4,409","4,140","3,955","4,145","4,135","5,634"
Health and personal care stores,2015,"25,287","23,734","26,412","25,190","25,120","25,330","25,474","25,384","25,749","26,251","25,424","30,134"
Pharmacies and drug stores,2015,"21,360","19,742","21,974","21,160","21,061","21,078","21,349","21,105","21,574","22,163","21,196","24,690"
Gasoline stations,2015,"33,142","32,288","37,609","37,945","42,253","42,879","44,000","42,053","37,692","38,138","34,074","33,674"
Clothing and clothing access. stores,2015,"15,840","18,079","20,819","20,470","22,239","19,758","20,671","22,424","19,233","20,750","23,122","33,521"
Clothing stores,2015,"11,638","12,627","15,495","15,134","16,199","14,618","15,277","16,214","14,316","15,600","17,402","22,861"
Men's clothing stores,2015,613,668,739,814,848,762,705,762,742,799,810,"1,137"
Women's clothing stores,2015,"2,486","2,734","3,470","3,396","3,671","3,169","3,130","3,326","3,085","3,401","3,593","4,778"
Family clothing stores,2015,"5,997","6,492","8,110","7,999","8,600","7,812","8,459","8,766","7,725","8,555","9,811","12,582"
Other clothing stores,2015,"1,273","1,289","1,459","1,348","1,366","1,408","1,361","1,523","1,286","1,316","1,421","1,947"
Shoe stores,2015,"2,108","2,655","3,008","2,822","2,960","2,607","2,957","3,758","2,685","2,779","2,919","4,151"
Jewelry stores,2015,"1,886","2,611","2,126","2,291","2,841","2,339","2,218","2,248","2,031","2,160","2,575","6,035"
"Sporting goods, hobby, musical instrument, and book stores",2015,"6,256","5,427","6,531","6,239","6,639","6,732","6,790","7,916","6,866","6,438","7,610","12,110"
Sporting goods stores,2015,"2,869","2,863","3,733","3,615","3,876","4,150","4,154","4,386","3,697","3,468","3,878","6,213"
"Hobby, toy, and game stores",2015,"1,127","1,157","1,320","1,222","1,232","1,154","1,189","1,196","1,281","1,431","2,168","3,573"
Book stores,2015,"1,487",686,656,651,750,683,692,"1,546","1,063",718,724,"1,318"
General merchandise stores,2015,"49,843","49,471","55,122","52,865","57,963","54,675","55,412","57,313","52,193","56,241","62,188","76,852"
Department stores,2015,"10,843","11,265","13,222","12,379","13,732","12,619","12,625","13,740","12,099","13,033","16,423","23,094"
Department stores(excl. discount department stores),2015,"3,410","3,839","4,422","4,451","4,879","4,184","4,049","4,343","4,184","4,408","5,973","9,157"
Discount dept. stores,2015,"7,433","7,426","8,800","7,928","8,853","8,435","8,576","9,397","7,915","8,625","10,450","13,937"
Other general merchandise stores,2015,"39,000",38206,41900,"40,486","44,231","42,056","42,787","43,573","40,094","43,208","45,765","53,758"
Warehouse clubs and superstores,2015,"34,246","33,229","36,342","35,096","38,377","36,489","37,224","38,087","34,736","37,413","39,737","46,086"
All other gen. merchandise stores,2015,"4,754","4,977","5,558","5,390","5,854","5,567","5,563","5,486","5,358","5,795","6,028","7,672"
Miscellaneous store retailers,2015,"8,566","8,436","9,285","9,373","10,900","10,394","10,354","10,386","9,686","10,276","9,680","11,154"
"Office supplies, stationery, and gift stores",2015,"2,458","2,311","2,381","2,434","2,530","2,415","2,625","2,990","2,670","3,101","2,472","3,584"
Office supplies and stationery stores,2015,"1,414","1,206","1,179","1,146","1,087","1,039","1,140","1,557","1,289","1,124","1,048","1,255"
"Gift, novelty, and souvenir stores",2015,"1,044","1,105","1,202","1,288","1,443","1,376","1,485","1,433","1,381","1,977","1,424","2,329"
Used merchandise stores,2015,"1,182","1,125","1,345","1,294","1,346","1,310","1,430","1,477","1,397","1,524","1,321","1,348"
Nonstore retailers,2015,"39,035","37,502","41,105","39,138","37,973","38,554","39,159","38,411","39,353","40,944","46,411","60,776"
Electronic shopping and mail-order houses,2015,"30,801","29,056","33,099","32,556","32,212","32,740","33,452","33,055","33,618","34,577","40,199","53,781"
Fuel dealers,2015,"4,888","5,128","4,138","2,512","1,836","1,694","1,675","1,601","1,790","2,313","2,388","2,826"
Food services and drinking places,2015,"48,089","46,736","53,263","52,412","55,541","52,138","53,200","53,202","50,763","54,025","50,184","54,546"
Drinking places,2015,"1,712","1,651","1,909","1,783","1,928","1,787","1,884","1,888","1,786","1,925","1,819","1,942"
Restaurants and other eating places,2015,"42,259","40,795","46,833","45,609","48,625","45,981","46,940","46,759","43,524","46,418","43,635","47,925"
Full service restaurants,2015,"22,141","21,339","24,154","22,950","24,763","22,908","23,258","23,344","21,584","23,333","21,976","24,848"
Limited service eating places,2015,"20,118","19,456","22,679","22,659","23,862","23,073","23,682","23,415","21,940","23,085","21,659","23,077"
"Retail and food services sales, total",2014,"383,488","380,454","433,052","431,598","459,441","433,458","443,498","451,663","421,628","438,697","439,344","502,208"
Retail sales and food services excl motor vehicle and parts,2014,"312,728","305,069","342,056","343,146","365,685","346,247","351,692","358,476","337,729","353,803","359,831","415,070"
Retail sales and food services excl gasoline stations,2014,"340,831","339,775","386,653","384,227","408,771","384,744","393,605","402,212","375,370","392,449","398,365","464,463"
Retail sales and food services excl motor vehicle and parts and gasoline stations,2014,"270,071","264,390","295,657","295,775","315,015","297,533","301,799","309,025","291,471","307,555","318,852","377,325"
"Retail sales, total",2014,"340,558","337,558","383,642","383,895","408,383","385,557","394,790","401,546","374,507","388,493","391,652","451,346"
"Retail sales, total (excl. motor vehicle and parts dealers)",2014,"269,798","262,173","292,646","295,443","314,627","298,346","302,984","308,359","290,608","303,599","312,139","364,208"
GAFO(1),2014,"86,320","89,550","99,364","97,084","103,916","97,579","99,412","107,717","95,736","101,495","115,706","147,582"
Motor vehicle and parts dealers,2014,"70,760","75,385","90,996","88,452","93,756","87,211","91,806","93,187","83,899","84,894","79,513","87,138"
Automobile and other motor vehicle dealers,2014,"64,116","68,681","83,513","81,018","86,267","79,903","84,244","85,709","76,715","77,256","72,363","80,388"
Automobile dealers,2014,"60,942","64,696","78,060","74,971","79,518","73,631","78,148","80,504","71,831","72,950","69,098","76,811"
New car dealers,2014,"54,772","56,533","69,342","67,230","71,679","65,946","70,344","72,415","64,100","64,863","62,143","69,671"
Used car dealers,2014,"6,170","8,163","8,718","7,741","7,839","7,685","7,804","8,089","7,731","8,087","6,955","7,140"
"Automotive parts, acc., and tire stores",2014,"6,644","6,704","7,483","7,434","7,489","7,308","7,562","7,478","7,184","7,638","7,150","6,750"
"Furniture, home furn, electronics, and appliance stores",2014,"15,134","15,144","16,338","15,063","16,129","15,546","16,361","16,988","16,625","16,577","19,698","23,804"
Furniture and home furnishings stores,2014,"7,254","7,284","8,171","7,856","8,456","7,951","8,472","8,807","8,442","8,509","9,014","10,294"
Furniture stores,2014,"3,945","4,113","4,638","4,202","4,656","4,232","4,486","4,755","4,645","4,537","4,797","4,892"
Home furnishings stores,2014,"3,309","3,171","3,533","3,654","3,800","3,719","3,986","4,052","3,797","3,972","4,217","5,402"
Floor covering stores,2014,"1,279","1,246","1,410","1,530","1,547","1,589","1,598","1,652","1,574","1,675","1,451","1,450"
All other home furnishings stores,2014,"1,930","1,824","2,007","1,997","2,135","2,012","2,265","2,276","2,106","2,183","2,656","3,854"
Electronics and appliance stores,2014,"7,880","7,860","8,167","7,207","7,673","7,595","7,889","8,181","8,183","8,068","10,684","13,510"
Household appliance stores,2014,"1,264","1,278","1,409","1,298","1,449","1,448","1,480","1,467","1,451","1,464","1,609","1,637"
Electronics stores,2014,"6,616","6,582","6,758","5,909","6,224","6,147","6,409","6,714","6,732","6,604","9,075","11,873"
Building mat. and garden equip. and supplies dealers,2014,"19,680","18,789","24,093","30,122","33,411","30,052","28,620","26,418","26,170","27,299","24,806","24,037"
Building mat. and supplies dealers,2014,"17,508","16,669","20,528","24,331","27,023","25,330","25,269","23,553","23,415","24,039","21,658","20,757"
Paint and wallpaper stores,2014,625,619,795,894,961,972,"1,042",980,962,945,723,699
Hardware stores,2014,"1,661","1,569","1,862","1,965","2,182","2,022","1,999","1,937","1,895","2,060","1,913","1,924"
Food and beverage stores,2014,"54,132","49,991","54,396","54,270","57,854","55,339","57,477","57,384","54,386","56,944","57,019","61,344"
Grocery stores,2014,"49,275","45,225","49,148","48,847","51,911","49,596","51,528","51,466","49,003","51,196","51,168","53,135"
Supermarkets and other grocery (except convenience) stores,2014,"47,421","43,368","47,067","46,711","49,589","47,306","49,114","49,035","46,779","49,011","49,114","51,160"
"Beer, wine, and liquor stores",2014,"3,333","3,261","3,596","3,643","4,096","3,966","4,166","4,139","3,736","4,003","4,012","5,444"
Health and personal care stores,2014,"23,911","22,543","24,366","24,138","24,865","24,127","24,490","24,528","24,495","25,361","23,961","28,799"
Pharmacies and drug stores,2014,"20,417","18,932","20,259","20,384","20,817","20,168","20,643","20,357","20,413","21,365","19,909","23,675"
Gasoline stations,2014,"42,657","40,679","46,399","47,371","50,670","48,714","49,893","49,451","46,258","46,248","40,979","37,745"
Clothing and clothing access. stores,2014,"15,220","17,552","20,118","20,370","21,626","19,006","19,885","22,055","18,692","20,267","23,551","32,760"
Clothing stores,2014,"11,095","12,111","14,871","15,019","15,668","14,066","14,708","15,922","13,911","15,245","17,857","22,772"
Men's clothing stores,2014,593,660,729,815,834,733,684,722,726,793,841,"1,121"
Women's clothing stores,2014,"2,439","2,787","3,501","3,555","3,722","3,139","3,134","3,407","3,202","3,437","3,808","4,888"
Family clothing stores,2014,"5,695","6,246","7,780","7,914","8,270","7,478","8,121","8,540","7,425","8,291","9,862","12,284"
Other clothing stores,2014,"1,184","1,135","1,308","1,209","1,271","1,275","1,188","1,350","1,065","1,162","1,478","1,980"
Shoe stores,2014,"2,021","2,619","2,890","2,852","2,837","2,534","2,809","3,652","2,500","2,603","2,896","3,812"
Jewelry stores,2014,"1,900","2,608","2,156","2,303","2,871","2,205","2,171","2,278","2,086","2,225","2,587","5,757"
"Sporting goods, hobby, musical instrument, and book stores",2014,"5,966","5,357","6,244","6,171","6,416","6,451","6,498","8,105","6,666","6,398","7,658","11,721"
Sporting goods stores,2014,"2,720","2,801","3,550","3,517","3,678","3,931","3,839","4,382","3,516","3,432","3,897","5,832"
"Hobby, toy, and game stores",2014,"1,020","1,091","1,221","1,204","1,178","1,088","1,186","1,189","1,254","1,358","2,140","3,507"
Book stores,2014,"1,479",727,680,679,789,698,702,"1,698","1,067",725,729,"1,335"
General merchandise stores,2014,"47,523","49,093","54,213","53,043","57,191","54,165","53,958","57,401","50,987","54,994","62,264","75,782"
Department stores,2014,"10,625","11,630","13,278","13,111","14,031","13,019","12,739","14,190","12,169","13,213","16,864","23,909"
Department stores(excl. discount department stores),2014,"3,416","4,018","4,589","4,588","4,954","4,439","4,157","4,636","4,213","4,553","6,256","9,600"
Discount dept. stores,2014,"7,209","7,612","8,689","8,523","9,077","8,580","8,582","9,554","7,956","8,660","10,608","14,309"
Other general merchandise stores,2014,"36,898",37463,40935,"39,932","43,160","41,146","41,219","43,211","38,818","41,781","45,400","51,873"
Warehouse clubs and superstores,2014,"32,389","32,621","35,795","34,661","37,496","35,791","35,863","37,892","33,739","36,249","39,599","44,654"
All other gen. merchandise stores,2014,"4,509","4,842","5,140","5,271","5,664","5,355","5,356","5,319","5,079","5,532","5,801","7,219"
Miscellaneous store retailers,2014,"8,094","8,173","8,929","8,974","10,564","9,706","9,866","10,112","9,666","10,507","9,574","11,128"
"Office supplies, stationery, and gift stores",2014,"2,477","2,404","2,451","2,437","2,554","2,411","2,710","3,168","2,766","3,259","2,535","3,515"
Office supplies and stationery stores,2014,"1,474","1,280","1,337","1,249","1,192","1,080","1,241","1,679","1,375","1,233","1,149","1,372"
"Gift, novelty, and souvenir stores",2014,"1,003","1,124","1,114","1,188","1,362","1,331","1,469","1,489","1,391","2,026","1,386","2,143"
Used merchandise stores,2014,"1,090","1,136","1,313","1,304","1,330","1,281","1,381","1,403","1,346","1,462","1,297","1,281"
Nonstore retailers,2014,"37,481","34,852","37,550","35,921","35,901","35,240","35,936","35,917","36,663","39,004","42,629","57,088"
Electronic shopping and mail-order houses,2014,"27,458","25,698","29,047","29,021","29,441","29,340","29,985","29,993","30,474","31,992","35,481","49,078"
Fuel dealers,2014,"6,624","5,829","4,862","3,091","2,318","1,993","2,033","2,064","2,324","2,889","3,414","4,186"
Food services and drinking places,2014,"42,930","42,896","49,410","47,703","51,058","47,901","48,708","50,117","47,121","50,204","47,692","50,862"
Drinking places,2014,"1,643","1,627","1,895","1,731","1,895","1,753","1,740","1,817","1,724","1,866","1,728","1,775"
Restaurants and other eating places,2014,"37,569","37,333","43,202","41,442","44,376","42,081","42,953","44,039","40,402","43,070","41,334","44,699"
Full service restaurants,2014,"19,602","19,645","22,458","20,921","22,551","20,896","21,263","22,102","20,117","21,536","21,056","23,290"
Limited service eating places,2014,"17,967","17,688","20,744","20,521","21,825","21,185","21,690","21,937","20,285","21,534","20,278","21,409"
"Retail and food services sales, total",2013,"375,468","373,974","421,748","408,551","437,214","414,816","422,532","435,215","396,415","415,942","424,095","477,362"
Retail sales and food services excl motor vehicle and parts,2013,"306,084","300,849","337,976","326,887","350,308","332,014","336,255","346,249","320,614","336,805","348,340","398,778"
Retail sales and food services excl gasoline stations,2013,"333,706","331,745","374,018","361,736","388,019","366,330","372,707","385,652","350,343","369,425","381,698","434,190"
Retail sales and food services excl motor vehicle and parts and gasoline stations,2013,"264,322","258,620","290,246","280,072","301,113","283,528","286,430","296,686","274,542","290,288","305,943","355,606"
"Retail sales, total",2013,"333,663","332,471","374,171","362,978","389,709","369,355","377,031","388,299","352,749","369,868","378,800","430,754"
"Retail sales, total (excl. motor vehicle and parts dealers)",2013,"264,279","259,346","290,399","281,314","302,803","286,553","290,754","299,333","276,948","290,731","303,045","352,170"
GAFO(1),2013,"86,297","89,304","100,628","92,422","100,605","96,807","96,603","104,854","93,006","98,325","112,537","142,384"
Motor vehicle and parts dealers,2013,"69,384","73,125","83,772","81,664","86,906","82,802","86,277","88,966","75,801","79,137","75,755","78,584"
Automobile and other motor vehicle dealers,2013,"62,999","66,624","76,641","74,547","79,448","75,618","78,809","81,261","68,825","71,395","68,678","71,792"
Automobile dealers,2013,"59,981","63,193","71,700","69,013","73,193","69,762","73,343","75,873","64,594","67,373","65,195","68,648"
New car dealers,2013,"53,205","54,771","63,412","61,553","65,942","62,723","66,302","68,513","58,264","60,591","58,914","62,963"
Used car dealers,2013,"6,776","8,422","8,288","7,460","7,251","7,039","7,041","7,360","6,330","6,782","6,281","5,685"
"Automotive parts, acc., and tire stores",2013,"6,385","6,501","7,131","7,117","7,458","7,184","7,468","7,705","6,976","7,742","7,077","6,792"
"Furniture, home furn, electronics, and appliance stores",2013,"15,471","15,361","16,179","14,692","15,752","15,457","16,078","16,906","15,744","16,139","19,244","22,247"
Furniture and home furnishings stores,2013,"7,303","7,100","7,891","7,333","7,860","7,587","8,013","8,503","7,890","8,109","8,895","9,250"
Furniture stores,2013,"3,974","3,998","4,492","3,995","4,238","4,111","4,265","4,604","4,302","4,310","4,628","4,272"
Home furnishings stores,2013,"3,329","3,102","3,399","3,338","3,622","3,476","3,748","3,899","3,588","3,799","4,267","4,978"
Floor covering stores,2013,"1,209","1,181","1,301","1,304","1,443","1,419","1,518","1,604","1,494","1,559","1,492","1,359"
All other home furnishings stores,2013,"2,014","1,831","2,004","1,937","2,075","1,947","2,115","2,194","1,990","2,131","2,669","3,523"
Electronics and appliance stores,2013,"8,168","8,261","8,288","7,359","7,892","7,870","8,065","8,403","7,854","8,030","10,349","12,997"
Household appliance stores,2013,"1,241","1,291","1,382","1,311","1,483","1,410","1,501","1,479","1,412","1,452","1,609","1,648"
Electronics stores,2013,"6,927","6,970","6,906","6,048","6,409","6,460","6,564","6,924","6,442","6,578","8,740","11,349"
Building mat. and garden equip. and supplies dealers,2013,"19,284","18,638","23,118","28,750","32,626","27,664","27,370","26,001","24,177","26,000","23,747","22,186"
Building mat. and supplies dealers,2013,"17,033","16,372","19,735","23,775","26,416","23,379","23,878","23,012","21,382","22,833","20,828","19,049"
Paint and wallpaper stores,2013,659,624,738,832,906,862,921,935,822,834,683,595
Hardware stores,2013,"1,483","1,424","1,629","1,882","2,041","1,924","1,823","1,821","1,700","1,852","1,793","1,850"
Food and beverage stores,2013,"51,652","48,596","54,260","50,388","55,266","53,261","54,534","55,121","51,749","53,747","54,764","58,208"
Grocery stores,2013,"47,095","43,863","48,910","45,367","49,615","47,840","48,871","49,387","46,601","48,396","49,026","50,505"
Supermarkets and other grocery (except convenience) stores,2013,"45,249","42,051","46,877","43,327","47,387","45,633","46,574","47,055","44,408","46,195","46,893","48,337"
"Beer, wine, and liquor stores",2013,"3,143","3,212","3,603","3,464","3,916","3,776","3,994","4,056","3,588","3,741","4,007","5,147"
Health and personal care stores,2013,"23,289","21,743","23,533","22,815","23,562","22,121","23,052","23,352","22,755","24,056","23,154","26,611"
Pharmacies and drug stores,2013,"19,799","18,170","19,552","19,075","19,692","18,422","19,324","19,401","19,047","20,286","19,361","21,849"
Gasoline stations,2013,"41,762","42,229","47,730","46,815","49,195","48,486","49,825","49,563","46,072","46,517","42,397","43,172"
Clothing and clothing access. stores,2013,"15,165","17,397","20,591","19,194","20,803","18,964","19,202","21,591","18,136","19,884","22,472","31,646"
Clothing stores,2013,"11,297","12,242","15,366","14,103","15,153","14,128","14,313","15,645","13,471","14,816","16,783","21,730"
Men's clothing stores,2013,603,566,690,728,761,691,662,704,699,807,821,"1,118"
Women's clothing stores,2013,"2,657","2,797","3,720","3,495","3,724","3,253","3,161","3,458","3,266","3,483","3,793","4,701"
Family clothing stores,2013,"5,655","6,309","7,971","7,293","7,981","7,485","7,857","8,365","7,070","8,000","9,283","11,994"
Other clothing stores,2013,"1,037","1,147","1,348","1,192","1,198","1,266","1,132","1,318","1,050","1,070","1,219","1,579"
Shoe stores,2013,"1,898","2,416","2,866","2,647","2,677","2,481","2,651","3,562","2,450","2,623","2,799","3,719"
Jewelry stores,2013,"1,792","2,545","2,144","2,244","2,719","2,137","2,018","2,149","2,001","2,232","2,657","5,781"
"Sporting goods, hobby, musical instrument, and book stores",2013,"6,526","5,586","6,622","5,952","6,377","6,500","6,445","7,711","6,333","6,053","7,531","11,150"
Sporting goods stores,2013,"3,071","3,015","3,831","3,427","3,656","3,953","3,818","4,158","3,229","3,160","3,748","5,511"
"Hobby, toy, and game stores",2013,"1,029","1,079","1,250","1,117","1,127","1,067","1,118","1,156","1,172","1,351","2,156","3,298"
Book stores,2013,"1,660",742,707,664,821,724,705,"1,568","1,106",718,742,"1,323"
General merchandise stores,2013,"46,639","48,542","54,707","50,122","54,971","53,381","52,095","55,384","50,059","53,095","60,571","74,009"
Department stores,2013,"11,307","12,042","13,922","12,562","14,037","13,339","12,611","14,159","12,517","13,332","16,905","23,827"
Department stores(excl. discount department stores),2013,"3,719","4,101","4,769","4,512","4,972","4,519","4,082","4,641","4,396","4,634","6,180","9,504"
Discount dept. stores,2013,"7,588","7,941","9,153","8,050","9,065","8,820","8,529","9,518","8,121","8,698","10,725","14,323"
Other general merchandise stores,2013,"35,332",36500,40785,"37,560","40,934","40,042","39,484","41,225","37,542","39,763","43,666","50,182"
Warehouse clubs and superstores,2013,"31,056","31,928","35,671","32,722","35,530","34,923","34,478","36,142","32,701","34,495","38,070","43,316"
All other gen. merchandise stores,2013,"4,276","4,572","5,114","4,838","5,404","5,119","5,006","5,083","4,841","5,268","5,596","6,866"
Miscellaneous store retailers,2013,"8,078","8,159","8,901","8,909","10,318","9,263","9,353","9,856","9,270","10,044","9,480","10,471"
"Office supplies, stationery, and gift stores",2013,"2,496","2,418","2,529","2,462","2,702","2,505","2,783","3,262","2,734","3,154","2,719","3,332"
Office supplies and stationery stores,2013,"1,544","1,367","1,363","1,302","1,257","1,151","1,290","1,783","1,419","1,304","1,309","1,459"
"Gift, novelty, and souvenir stores",2013,952,"1,051","1,166","1,160","1,445","1,354","1,493","1,479","1,315","1,850","1,410","1,873"
Used merchandise stores,2013,"1,173","1,142","1,270","1,198","1,265","1,237","1,300","1,391","1,221","1,416","1,317","1,220"
Nonstore retailers,2013,"36,413","33,095","34,758","33,677","33,933","31,456","32,800","33,848","32,653","35,196","39,685","52,470"
Electronic shopping and mail-order houses,2013,"27,927","25,046","27,016","27,096","27,709","25,811","27,061","27,923","26,934","28,301","32,121","43,273"
Fuel dealers,2013,"5,017","4,633","4,016","2,875","2,199","1,783","1,900","1,974","2,232","3,014","3,738","5,256"
Food services and drinking places,2013,"41,805","41,503","47,577","45,573","47,505","45,461","45,501","46,916","43,666","46,074","45,295","46,608"
Drinking places,2013,"1,692","1,672","2,020","1,764","1,844","1,714","1,707","1,795","1,710","1,818","1,773","1,722"
Restaurants and other eating places,2013,"36,471","36,042","41,455","39,287","41,186","39,908","40,100","41,016","37,362","39,267","38,945","40,635"
Full service restaurants,2013,"18,538","18,344","21,122","19,638","20,546","19,783","19,617","20,396","18,514","19,540","19,718","21,110"
Limited service eating places,2013,"17,933","17,698","20,333","19,649","20,640","20,125","20,483","20,620","18,848","19,727","19,227","19,525"
"Retail and food services sales, total",2012,"355,184","372,401","414,149","392,949","418,608","400,975","396,026","417,922","385,609","399,400","411,065","462,102"
Retail sales and food services excl motor vehicle and parts,2012,"292,916","302,072","332,992","319,458","338,812","325,021","320,787","337,194","314,291","327,099","341,371","387,883"
Retail sales and food services excl gasoline stations,2012,"313,778","330,183","365,752","345,285","369,410","354,492","349,368","367,727","338,408","350,417","366,631","419,520"
Retail sales and food services excl motor vehicle and parts and gasoline stations,2012,"251,510","259,854","284,595","271,794","289,614","278,538","274,129","286,999","267,090","278,116","296,937","345,301"
"Retail sales, total",2012,"315,540","331,470","368,502","349,194","373,129","356,083","351,520","372,986","342,582","355,823","368,593","416,807"
"Retail sales, total (excl. motor vehicle and parts dealers)",2012,"253,272","261,141","287,345","275,703","293,333","280,129","276,281","292,258","271,264","283,522","298,899","342,588"
GAFO(1),2012,"83,395","91,209","98,747","91,719","97,833","95,541","93,547","101,703","91,915","93,919","109,571","142,744"
Motor vehicle and parts dealers,2012,"62,268","70,329","81,157","73,491","79,796","75,954","75,239","80,728","71,318","72,301","69,694","74,219"
Automobile and other motor vehicle dealers,2012,"55,945","63,622","73,814","66,592","72,489","68,658","68,005","73,174","64,468","64,855","62,875","67,862"
Automobile dealers,2012,"52,985","60,339","68,793","61,753","67,056","63,327","63,359","68,421","60,834","61,304","59,785","64,822"
New car dealers,2012,"47,096","52,611","61,036","54,942","60,389","56,669","56,948","61,184","54,451","54,854","53,618","58,752"
Used car dealers,2012,"5,889","7,728","7,757","6,811","6,667","6,658","6,411","7,237","6,383","6,450","6,167","6,070"
"Automotive parts, acc., and tire stores",2012,"6,323","6,707","7,343","6,899","7,307","7,296","7,234","7,554","6,850","7,446","6,819","6,357"
"Furniture, home furn, electronics, and appliance stores",2012,"14,698","15,425","16,291","14,113","15,638","15,387","15,741","16,538","15,265","14,917","18,661","22,750"
Furniture and home furnishings stores,2012,"6,866","7,169","7,784","6,872","7,683","7,378","7,551","8,064","7,439","7,260","8,260","9,216"
Furniture stores,2012,"3,897","4,325","4,440","3,799","4,193","4,075","4,145","4,370","4,128","3,792","4,236","4,352"
Home furnishings stores,2012,"2,969","2,844","3,344","3,073","3,490","3,303","3,406","3,694","3,311","3,468","4,024","4,864"
Floor covering stores,2012,"1,108","1,108","1,274","1,243","1,398","1,313","1,287","1,505","1,287","1,371","1,331","1,258"
All other home furnishings stores,2012,"1,780","1,664","1,980","1,743","2,000","1,901","2,007","2,088","1,933","1,993","2,589","3,517"
Electronics and appliance stores,2012,"7,832","8,256","8,507","7,241","7,955","8,009","8,190","8,474","7,826","7,657","10,401","13,534"
Household appliance stores,2012,"1,170","1,265","1,325","1,202","1,400","1,413","1,374","1,410","1,305","1,299","1,639","1,613"
Electronics stores,2012,"6,662","6,991","7,182","6,039","6,555","6,596","6,816","7,064","6,521","6,358","8,762","11,921"
Building mat. and garden equip. and supplies dealers,2012,"17,980","18,500","24,156","25,989","29,379","25,774","23,921","24,169","22,324","24,658","23,510","21,173"
Building mat. and supplies dealers,2012,"15,941","16,385","20,492","21,124","24,075","22,024","21,113","21,511","19,607","21,465","20,399","18,040"
Paint and wallpaper stores,2012,584,621,754,755,851,868,869,925,825,814,696,572
Hardware stores,2012,"1,419","1,359","1,705","1,917","2,208","1,934","1,730","1,699","1,551","1,752","1,742","1,731"
Food and beverage stores,2012,"49,834","48,850","52,549","50,842","53,955","52,702","52,868","53,442","51,123","52,236","52,904","56,900"
Grocery stores,2012,"45,462","44,174","47,408","45,754","48,420","47,217","47,473","48,047","46,047","46,975","47,310","49,358"
Supermarkets and other grocery (except convenience) stores,2012,"43,576","42,275","45,239","43,700","46,239","45,077","45,349","45,861","44,017","44,943","45,440","47,464"
"Beer, wine, and liquor stores",2012,"2,995","3,202","3,550","3,409","3,786","3,816","3,733","3,752","3,503","3,626","3,869","5,124"
Health and personal care stores,2012,"22,743","22,608","23,840","22,607","23,364","22,022","22,155","22,968","21,365","22,842","22,321","25,165"
Pharmacies and drug stores,2012,"19,401","19,056","19,943","19,050","19,701","18,426","18,559","19,168","17,847","19,468","18,700","20,632"
Gasoline stations,2012,"41,406","42,218","48,397","47,664","49,198","46,483","46,658","50,195","47,201","48,983","44,434","42,582"
Clothing and clothing access. stores,2012,"14,358","17,931","20,162","18,601","19,952","18,717","18,266","20,750","18,391","18,845","22,016","31,504"
Clothing stores,2012,"10,686","12,618","15,205","14,003","14,593","14,035","13,717","15,157","13,714","14,247","16,562","21,594"
Men's clothing stores,2012,525,545,623,711,725,703,613,619,687,710,731,"1,080"
Women's clothing stores,2012,"2,544","3,036","3,840","3,592","3,693","3,374","3,094","3,284","3,339","3,482","3,823","4,693"
Family clothing stores,2012,"5,211","6,538","7,878","7,118","7,499","7,235","7,434","8,306","7,018","7,352","8,995","12,047"
Other clothing stores,2012,"1,039","1,074","1,229","1,136","1,155","1,205","1,049","1,124","1,045","1,158","1,252","1,475"
Shoe stores,2012,"1,851","2,545","2,719","2,480","2,495","2,339","2,425","3,299","2,431","2,328","2,673","3,454"
Jewelry stores,2012,"1,674","2,607","2,056","1,953","2,673","2,146","1,943","2,115","2,044","2,060","2,542","6,049"
"Sporting goods, hobby, musical instrument, and book stores",2012,"6,049","5,520","6,536","5,967","6,361","6,600","6,213","7,682","6,290","5,845","7,109","10,987"
Sporting goods stores,2012,"2,505","2,723","3,607","3,304","3,455","3,829","3,551","3,969","3,161","2,959","3,478","5,601"
"Hobby, toy, and game stores",2012,"1,072","1,192","1,270","1,156","1,186","1,130","1,123","1,126","1,158","1,275","1,945","2,987"
Book stores,2012,"1,716",821,756,742,887,839,785,"1,836","1,097",717,755,"1,318"
General merchandise stores,2012,"45,643","49,639","53,115","50,602","53,095","52,280","50,734","53,680","49,325","51,395","59,008","73,797"
Department stores,2012,"11,430","13,169","14,448","13,579","14,111","13,909","13,145","14,710","13,123","13,482","17,610","24,597"
Department stores(excl. discount department stores),2012,"3,768","4,551","4,966","4,906","5,028","4,807","4,489","4,886","4,677","4,662","6,516","9,705"
Discount dept. stores,2012,"7,662","8,618","9,482","8,673","9,083","9,102","8,656","9,824","8,446","8,820","11,094","14,892"
Other general merchandise stores,2012,"34,213",36470,38667,"37,023","38,984","38,371","37,589","38,970","36,202","37,913","41,398","49,200"
Warehouse clubs and superstores,2012,"30,180","31,989","33,676","32,346","33,976","33,616","32,994","34,261","31,725","33,048","36,037","42,461"
All other gen. merchandise stores,2012,"4,033","4,481","4,991","4,677","5,008","4,755","4,595","4,709","4,477","4,865","5,361","6,739"
Miscellaneous store retailers,2012,"7,969","8,609","8,963","8,584","9,725","9,438","9,146","9,597","8,885","9,595","9,078","10,429"
"Office supplies, stationery, and gift stores",2012,"2,647","2,694","2,643","2,436","2,787","2,557","2,593","3,053","2,644","2,917","2,777","3,706"
Office supplies and stationery stores,2012,"1,657","1,503","1,482","1,268","1,364","1,254","1,302","1,816","1,462","1,375","1,352","1,566"
"Gift, novelty, and souvenir stores",2012,990,"1,191","1,161","1,168","1,423","1,303","1,291","1,237","1,182","1,542","1,425","2,140"
Used merchandise stores,2012,"1,108","1,229","1,286","1,160","1,214","1,164","1,180","1,276","1,225","1,300","1,262","1,324"
Nonstore retailers,2012,"32,592","31,841","33,336","30,734","32,666","30,726","30,579","33,237","31,095","34,206","39,858","47,301"
Electronic shopping and mail-order houses,2012,"24,739","24,201","25,943","24,432","26,383","25,035","25,015","27,379","25,451","27,483","32,753","39,841"
Fuel dealers,2012,"4,549","4,053","3,303","2,592","2,300","1,998","2,057","2,259","2,358","3,023","3,567","3,876"
Food services and drinking places,2012,"39,644","40,931","45,647","43,755","45,479","44,892","44,506","44,936","43,027","43,577","42,472","45,295"
Drinking places,2012,"1,566","1,633","1,945","1,758","1,808","1,870","1,889","1,907","1,790","1,720","1,702","1,833"
Restaurants and other eating places,2012,"34,564","35,522","39,577","37,641","39,103","38,903","38,988","39,105","36,535","37,241","36,533","39,456"
Full service restaurants,2012,"17,566","18,018","20,112","18,983","19,572","19,354","19,330","19,313","18,164","18,277","18,199","20,322"
Limited service eating places,2012,"16,998","17,504","19,465","18,658","19,531","19,549","19,658","19,792","18,371","18,964","18,334","19,134"
"Retail and food services sales, total",2011,"335,587","337,314","387,088","380,775","391,999","388,700","384,682","394,609","375,025","379,482","391,220","451,821"
Retail sales and food services excl motor vehicle and parts,2011,"277,706","274,739","311,920","311,233","322,722","318,499","315,504","323,314","308,069","313,569","327,252","380,837"
Retail sales and food services excl gasoline stations,2011,"297,569","300,645","342,739","334,922","343,754","341,186","336,482","346,289","329,582","334,367","348,244","409,066"
Retail sales and food services excl motor vehicle and parts and gasoline stations,2011,"239,688","238,070","267,571","265,380","274,477","270,985","267,304","274,994","262,626","268,454","284,276","338,082"
"Retail sales, total",2011,"298,626","299,920","345,052","339,014","348,979","346,620","341,381","352,224","333,642","337,067","351,517","408,910"
"Retail sales, total (excl. motor vehicle and parts dealers)",2011,"240,745","237,345","269,884","269,472","279,702","276,419","272,203","280,929","266,686","271,154","287,549","337,926"
GAFO(1),2011,"80,468","83,815","92,506","91,906","93,667","92,488","92,485","97,416","90,746","92,528","106,010","141,631"
Motor vehicle and parts dealers,2011,"57,881","62,575","75,168","69,542","69,277","70,201","69,178","71,295","66,956","65,913","63,968","70,984"
Automobile and other motor vehicle dealers,2011,"52,158","56,531","67,947","62,778","62,333","62,666","62,092","63,556","59,708","58,769","57,102","64,334"
Automobile dealers,2011,"49,715","53,613","63,613","58,223","57,538","57,741","57,556","59,357","56,243","55,583","54,192","61,131"
New car dealers,2011,"43,739","46,318","55,952","51,777","51,278","51,281","51,208","52,919","50,292","49,873","48,662","55,489"
Used car dealers,2011,"5,976","7,295","7,661","6,446","6,260","6,460","6,348","6,438","5,951","5,710","5,530","5,642"
"Automotive parts, acc., and tire stores",2011,"5,723","6,044","7,221","6,764","6,944","7,535","7,086","7,739","7,248","7,144","6,866","6,650"
"Furniture, home furn, electronics, and appliance stores",2011,"13,829","14,276","15,727","14,231","14,711","14,913","15,276","16,145","15,221","14,865","18,124","22,246"
Furniture and home furnishings stores,2011,"6,244","6,488","7,530","6,896","7,086","7,039","7,241","7,685","7,450","6,967","7,931","9,029"
Furniture stores,2011,"3,576","3,871","4,304","3,902","3,861","3,792","4,002","4,132","4,051","3,741","4,126","4,300"
Home furnishings stores,2011,"2,668","2,617","3,226","2,994","3,225","3,247","3,239","3,553","3,399","3,226","3,805","4,729"
Floor covering stores,2011,947,959,"1,211","1,127","1,261","1,295","1,271","1,472","1,395","1,302","1,263","1,255"
All other home furnishings stores,2011,"1,629","1,564","1,907","1,783","1,874","1,869","1,886","1,989","1,907","1,828","2,451","3,393"
Electronics and appliance stores,2011,"7,585","7,788","8,197","7,335","7,625","7,874","8,035","8,460","7,771","7,898","10,193","13,217"
Household appliance stores,2011,"1,077","1,141","1,215","1,181","1,274","1,314","1,334","1,360","1,383","1,277","1,612","1,639"
Electronics stores,2011,"6,508","6,647","6,982","6,154","6,351","6,560","6,701","7,100","6,388","6,621","8,581","11,578"
Building mat. and garden equip. and supplies dealers,2011,"16,004","16,002","21,963","24,378","27,713","27,011","23,528","23,730","22,499","23,077","22,372","21,203"
Building mat. and supplies dealers,2011,"14,265","14,196","18,974","20,310","22,769","22,556","20,828","21,167","20,054","19,992","19,415","18,123"
Paint and wallpaper stores,2011,510,533,685,704,708,853,801,862,791,740,667,569
Hardware stores,2011,"1,322","1,240","1,498","1,747","2,033","1,918","1,759","1,779","1,626","1,705","1,694","1,720"
Food and beverage stores,2011,"48,438","45,575","49,729","50,588","51,441","51,040","52,522","51,575","49,925","50,887","51,352","56,065"
Grocery stores,2011,"44,282","41,229","45,068","45,586","46,318","45,883","47,171","46,448","44,877","45,725","46,046","48,843"
Supermarkets and other grocery (except convenience) stores,2011,"42,501","39,485","43,103","43,535","44,129","43,716","44,937","44,275","42,867","43,751","44,156","46,916"
"Beer, wine, and liquor stores",2011,"2,888","2,984","3,249","3,363","3,471","3,551","3,740","3,576","3,517","3,515","3,646","4,892"
Health and personal care stores,2011,"22,218","21,284","23,623","22,246","22,766","22,381","21,864","22,982","22,173","22,510","22,326","25,239"
Pharmacies and drug stores,2011,"19,155","18,117","20,042","18,944","19,505","19,081","18,541","19,481","18,845","19,302","19,103","21,133"
Gasoline stations,2011,"38,018","36,669","44,349","45,853","48,245","47,514","48,200","48,320","45,443","45,115","42,976","42,755"
Clothing and clothing access. stores,2011,"13,703","15,931","18,252","18,647","18,771","17,783","17,937","19,263","17,999","18,255","20,957","31,108"
Clothing stores,2011,"10,162","11,370","13,715","13,859","13,648","13,271","13,415","13,889","13,431","13,793","15,816","21,726"
Men's clothing stores,2011,487,497,599,690,677,661,587,549,643,682,707,"1,081"
Women's clothing stores,2011,"2,345","2,753","3,449","3,582","3,508","3,285","3,060","3,027","3,301","3,297","3,625","4,816"
Family clothing stores,2011,"5,179","5,894","7,017","7,076","6,973","6,797","7,213","7,649","6,823","7,178","8,551","11,922"
Other clothing stores,2011,968,878,"1,064",985,"1,027","1,070",985,"1,001",930,"1,020","1,147","1,596"
Shoe stores,2011,"1,778","2,186","2,379","2,422","2,322","2,243","2,347","3,022","2,320","2,287","2,499","3,455"
Jewelry stores,2011,"1,619","2,228","1,976","2,194","2,624","2,093","1,983","2,179","2,081","2,003","2,454","5,616"
"Sporting goods, hobby, musical instrument, and book stores",2011,"6,073","5,190","6,172","6,000","5,960","6,256","5,997","7,627","6,372","5,581","6,904","10,515"
Sporting goods stores,2011,"2,414","2,456","3,266","3,246","3,169","3,505","3,334","3,623","3,011","2,746","3,227","4,998"
"Hobby, toy, and game stores",2011,972,"1,030","1,201","1,192","1,073","1,069","1,089","1,074","1,151","1,252","1,964","3,052"
Book stores,2011,"1,950",960,881,797,936,902,865,"2,142","1,335",751,797,"1,400"
General merchandise stores,2011,"44,322","45,804","49,675","50,480","51,435","50,906","50,660","51,266","48,238","50,877","57,197","73,906"
Department stores,2011,"11,895","12,857","14,178","14,513","14,484","14,719","13,901","14,675","13,598","14,264","18,035","26,242"
Department stores(excl. discount department stores),2011,"3,959","4,507","4,970","5,233","5,162","5,174","4,781","4,976","4,895","4,994","6,630","10,457"
Discount dept. stores,2011,"7,936","8,350","9,208","9,280","9,322","9,545","9,120","9,699","8,703","9,270","11,405","15,785"
Other general merchandise stores,2011,"32,427",32947,35497,"35,967","36,951","36,187","36,759","36,591","34,640","36,613","39,162","47,664"
Warehouse clubs and superstores,2011,"28,851","28,956","31,017","31,432","32,353","31,560","32,369","32,240","30,322","32,069","34,024","41,150"
All other gen. merchandise stores,2011,"3,576","3,991","4,480","4,535","4,598","4,627","4,390","4,351","4,318","4,544","5,138","6,514"
Miscellaneous store retailers,2011,"7,509","8,108","8,661","8,638","9,533","9,482","9,133","9,604","9,254","9,270","8,918","10,291"
"Office supplies, stationery, and gift stores",2011,"2,541","2,614","2,680","2,548","2,790","2,630","2,615","3,115","2,916","2,950","2,828","3,856"
Office supplies and stationery stores,2011,"1,603","1,489","1,578","1,369","1,368","1,301","1,345","1,912","1,645","1,387","1,451","1,669"
"Gift, novelty, and souvenir stores",2011,938,"1,125","1,102","1,179","1,422","1,329","1,270","1,203","1,271","1,563","1,377","2,187"
Used merchandise stores,2011,942,"1,029","1,182","1,066","1,063","1,004","1,009","1,210","1,115","1,186","1,182","1,260"
Nonstore retailers,2011,"30,631","28,506","31,733","28,411","29,127","29,133","27,086","30,417","29,562","30,717","36,423","44,598"
Electronic shopping and mail-order houses,2011,"22,221","20,666","23,815","21,954","23,133","23,110","21,664","24,422","23,446","24,090","29,238","36,938"
Fuel dealers,2011,"5,375","4,684","4,072","2,918","2,435","2,269","2,086","2,366","2,595","3,067","3,491","4,111"
Food services and drinking places,2011,"36,961","37,394","42,036","41,761","43,020","42,080","43,301","42,385","41,383","42,415","39,703","42,911"
Drinking places,2011,"1,557","1,616","1,825","1,754","1,751","1,720","1,829","1,717","1,721","1,742","1,631","1,705"
Restaurants and other eating places,2011,"32,237","32,452","36,502","35,950","37,165","36,409","37,789","36,986","35,130","36,144","34,057","37,307"
Full service restaurants,2011,"16,211","16,248","18,272","17,959","18,608","18,058","18,897","18,311","17,502","17,991","16,779","19,044"
Limited service eating places,2011,"16,026","16,204","18,230","17,991","18,557","18,351","18,892","18,675","17,628","18,153","17,278","18,263"